,task1,task2,task3,task4,task5,task6
baseline@task1,0.790779220779221,0.078051948051948,0.0509090909090909,-0.0602797202797202,0.177062937062937,0.0746753246753247
baseline@task2,0.5325974025974028,0.6700000000000002,0.0125974025974026,0.2008391608391608,0.1376223776223776,0.1638961038961038
baseline@task3,0.3728571428571431,0.5393506493506496,0.6459740259740261,-0.0718881118881118,0.1394405594405594,0.1338961038961039
baseline@task4,0.4710389610389612,0.6270129870129874,0.7344155844155844,0.7288111888111889,0.2202797202797203,0.1528571428571428
baseline@task5,0.5222077922077923,0.593766233766234,0.6214285714285717,0.6,0.7090909090909093,0.1503896103896103
baseline@task6,0.6361038961038961,0.6516883116883119,0.6292207792207795,0.5469930069930071,0.5566433566433571,0.7479220779220779
